nodeA,nodeB,weight
Perpendicular,The Camelot Press Limited,1
Bishop,The Camelot Press Limited,1
Little Boy Blue,The Camelot Press Limited,38
Guy Chelsea,The Camelot Press Limited,1
Little Boy Blue's,The Camelot Press Limited,1
Boy Blue,The Camelot Press Limited,4
Joan of Arc,The Camelot Press Limited,1
Folkestone,The Camelot Press Limited,2
The Camelot Press Limited,the Boy Blue,1
Citadel,The Camelot Press Limited,1
The Camelot Press Limited,rŰle,1
The Camelot Press Limited,Trinity,2
Channel,The Camelot Press Limited,1
Ipswich,The Camelot Press Limited,1
Norwich Cathedral,The Camelot Press Limited,1
Dovercourt,The Camelot Press Limited,2
The Camelot Press Limited,tŠchei,1
Parliament,The Camelot Press Limited,1
The Camelot Press Limited,the House of Lords,1
The Camelot Press Limited,Upper House,1
I.,The Camelot Press Limited,1
Church,The Camelot Press Limited,1
Christobel Charteris,The Camelot Press Limited,6
Little Boy Blue ',The Camelot Press Limited,1
The Camelot Press Limited,the Bull Hotel,1
Jenkins,The Camelot Press Limited,1
Harveys,The Camelot Press Limited,1
The Camelot Press Limited,Time,2
The Camelot Press Limited,the Little Boy Blue,1
Charing Cross,The Camelot Press Limited,1
The Camelot Press Limited,the New Gallery,1
Academy,The Camelot Press Limited,2
The Camelot Press Limited,the Boy's,2
The Camelot Press Limited,Times,1
The Camelot Press Limited,Whereupon,3
Christobel,The Camelot Press Limited,1
The Camelot Press Limited,the Bank of England,1
The Camelot Press Limited,the Royal Exchange,1
The Camelot Press Limited,the Aerated Bread Company,1
Piccadilly,The Camelot Press Limited,1
Monsieur Delma's,The Camelot Press Limited,1
Imperial,The Camelot Press Limited,1
The Camelot Press Limited,the Daily Graphic,2
The Camelot Press Limited,the Daily Mirror!,1
Graphic,The Camelot Press Limited,1
Illustrated,The Camelot Press Limited,1
The Camelot Press Limited,a Morning Post,1
The Camelot Press Limited,this Daily Mirror,1
The Camelot Press Limited,the Daily Mirror,2
Boulogne Cathedral,The Camelot Press Limited,2
Parson,The Camelot Press Limited,1
Professor,The Camelot Press Limited,1
The Camelot Press Limited,the Collect for the week,1
Platonic,The Camelot Press Limited,1
The Camelot Press Limited,the Professor's,1
Daily Mirror,The Camelot Press Limited,1
The Camelot Press Limited,the Boy her Boy,1
Chelsea,The Camelot Press Limited,1
Bishop,Perpendicular,1
Little Boy Blue,Perpendicular,38
Guy Chelsea,Perpendicular,1
Little Boy Blue's,Perpendicular,1
Boy Blue,Perpendicular,4
Joan of Arc,Perpendicular,1
Folkestone,Perpendicular,2
Perpendicular,the Boy Blue,1
Citadel,Perpendicular,1
Perpendicular,rŰle,1
Perpendicular,Trinity,2
Channel,Perpendicular,1
Ipswich,Perpendicular,1
Norwich Cathedral,Perpendicular,1
Dovercourt,Perpendicular,2
Perpendicular,tŠchei,1
Parliament,Perpendicular,1
Perpendicular,the House of Lords,1
Perpendicular,Upper House,1
I.,Perpendicular,1
Church,Perpendicular,1
Christobel Charteris,Perpendicular,6
Little Boy Blue ',Perpendicular,1
Perpendicular,the Bull Hotel,1
Jenkins,Perpendicular,1
Harveys,Perpendicular,1
Perpendicular,Time,2
Perpendicular,the Little Boy Blue,1
Charing Cross,Perpendicular,1
Perpendicular,the New Gallery,1
Academy,Perpendicular,2
Perpendicular,the Boy's,2
Perpendicular,Times,1
Perpendicular,Whereupon,3
Christobel,Perpendicular,1
Perpendicular,the Bank of England,1
Perpendicular,the Royal Exchange,1
Perpendicular,the Aerated Bread Company,1
Perpendicular,Piccadilly,1
Monsieur Delma's,Perpendicular,1
Imperial,Perpendicular,1
Perpendicular,the Daily Graphic,2
Perpendicular,the Daily Mirror!,1
Graphic,Perpendicular,1
Illustrated,Perpendicular,1
Perpendicular,a Morning Post,1
Perpendicular,this Daily Mirror,1
Perpendicular,the Daily Mirror,2
Boulogne Cathedral,Perpendicular,2
Parson,Perpendicular,1
Perpendicular,Professor,1
Perpendicular,the Collect for the week,1
Perpendicular,Platonic,1
Perpendicular,the Professor's,1
Daily Mirror,Perpendicular,1
Perpendicular,the Boy her Boy,1
Chelsea,Perpendicular,1
Bishop,Little Boy Blue,38
Bishop,Guy Chelsea,1
Bishop,Little Boy Blue's,1
Bishop,Boy Blue,4
Bishop,Joan of Arc,1
Bishop,Folkestone,2
Bishop,the Boy Blue,1
Bishop,Citadel,1
Bishop,rŰle,1
Bishop,Trinity,2
Bishop,Channel,1
Bishop,Ipswich,1
Bishop,Norwich Cathedral,1
Bishop,Dovercourt,2
Bishop,tŠchei,1
Bishop,Parliament,1
Bishop,the House of Lords,1
Bishop,Upper House,1
Bishop,I.,1
Bishop,Church,1
Bishop,Christobel Charteris,6
Bishop,Little Boy Blue ',1
Bishop,the Bull Hotel,1
Bishop,Jenkins,1
Bishop,Harveys,1
Bishop,Time,2
Bishop,the Little Boy Blue,1
Bishop,Charing Cross,1
Bishop,the New Gallery,1
Academy,Bishop,2
Bishop,the Boy's,2
Bishop,Times,1
Bishop,Whereupon,3
Bishop,Christobel,1
Bishop,the Bank of England,1
Bishop,the Royal Exchange,1
Bishop,the Aerated Bread Company,1
Bishop,Piccadilly,1
Bishop,Monsieur Delma's,1
Bishop,Imperial,1
Bishop,the Daily Graphic,2
Bishop,the Daily Mirror!,1
Bishop,Graphic,1
Bishop,Illustrated,1
Bishop,a Morning Post,1
Bishop,this Daily Mirror,1
Bishop,the Daily Mirror,2
Bishop,Boulogne Cathedral,2
Bishop,Parson,1
Bishop,Professor,1
Bishop,the Collect for the week,1
Bishop,Platonic,1
Bishop,the Professor's,1
Bishop,Daily Mirror,1
Bishop,the Boy her Boy,1
Bishop,Chelsea,1
Guy Chelsea,Little Boy Blue,38
Little Boy Blue,Little Boy Blue,703
Little Boy Blue,Little Boy Blue's,38
Boy Blue,Little Boy Blue,152
Joan of Arc,Little Boy Blue,38
Folkestone,Little Boy Blue,76
Little Boy Blue,the Boy Blue,38
Citadel,Little Boy Blue,38
Little Boy Blue,rŰle,38
Little Boy Blue,Trinity,76
Channel,Little Boy Blue,38
Ipswich,Little Boy Blue,38
Little Boy Blue,Norwich Cathedral,38
Dovercourt,Little Boy Blue,76
Little Boy Blue,tŠchei,38
Little Boy Blue,Parliament,38
Little Boy Blue,the House of Lords,38
Little Boy Blue,Upper House,38
I.,Little Boy Blue,38
Church,Little Boy Blue,38
Christobel Charteris,Little Boy Blue,228
Little Boy Blue,Little Boy Blue ',38
Little Boy Blue,the Bull Hotel,38
Jenkins,Little Boy Blue,38
Harveys,Little Boy Blue,38
Little Boy Blue,Time,76
Little Boy Blue,the Little Boy Blue,38
Charing Cross,Little Boy Blue,38
Little Boy Blue,the New Gallery,38
Academy,Little Boy Blue,76
Little Boy Blue,the Boy's,76
Little Boy Blue,Times,38
Little Boy Blue,Whereupon,114
Christobel,Little Boy Blue,38
Little Boy Blue,the Bank of England,38
Little Boy Blue,the Royal Exchange,38
Little Boy Blue,the Aerated Bread Company,38
Little Boy Blue,Piccadilly,38
Little Boy Blue,Monsieur Delma's,38
Imperial,Little Boy Blue,38
Little Boy Blue,the Daily Graphic,76
Little Boy Blue,the Daily Mirror!,38
Graphic,Little Boy Blue,38
Illustrated,Little Boy Blue,38
Little Boy Blue,a Morning Post,38
Little Boy Blue,this Daily Mirror,38
Little Boy Blue,the Daily Mirror,76
Boulogne Cathedral,Little Boy Blue,76
Little Boy Blue,Parson,38
Little Boy Blue,Professor,38
Little Boy Blue,the Collect for the week,38
Little Boy Blue,Platonic,38
Little Boy Blue,the Professor's,38
Daily Mirror,Little Boy Blue,38
Little Boy Blue,the Boy her Boy,38
Chelsea,Little Boy Blue,38
Guy Chelsea,Little Boy Blue's,1
Boy Blue,Guy Chelsea,4
Guy Chelsea,Joan of Arc,1
Folkestone,Guy Chelsea,2
Guy Chelsea,the Boy Blue,1
Citadel,Guy Chelsea,1
Guy Chelsea,rŰle,1
Guy Chelsea,Trinity,2
Channel,Guy Chelsea,1
Guy Chelsea,Ipswich,1
Guy Chelsea,Norwich Cathedral,1
Dovercourt,Guy Chelsea,2
Guy Chelsea,tŠchei,1
Guy Chelsea,Parliament,1
Guy Chelsea,the House of Lords,1
Guy Chelsea,Upper House,1
Guy Chelsea,I.,1
Church,Guy Chelsea,1
Christobel Charteris,Guy Chelsea,6
Guy Chelsea,Little Boy Blue ',1
Guy Chelsea,the Bull Hotel,1
Guy Chelsea,Jenkins,1
Guy Chelsea,Harveys,1
Guy Chelsea,Time,2
Guy Chelsea,the Little Boy Blue,1
Charing Cross,Guy Chelsea,1
Guy Chelsea,the New Gallery,1
Academy,Guy Chelsea,2
Guy Chelsea,the Boy's,2
Guy Chelsea,Times,1
Guy Chelsea,Whereupon,3
Christobel,Guy Chelsea,1
Guy Chelsea,the Bank of England,1
Guy Chelsea,the Royal Exchange,1
Guy Chelsea,the Aerated Bread Company,1
Guy Chelsea,Piccadilly,1
Guy Chelsea,Monsieur Delma's,1
Guy Chelsea,Imperial,1
Guy Chelsea,the Daily Graphic,2
Guy Chelsea,the Daily Mirror!,1
Graphic,Guy Chelsea,1
Guy Chelsea,Illustrated,1
Guy Chelsea,a Morning Post,1
Guy Chelsea,this Daily Mirror,1
Guy Chelsea,the Daily Mirror,2
Boulogne Cathedral,Guy Chelsea,2
Guy Chelsea,Parson,1
Guy Chelsea,Professor,1
Guy Chelsea,the Collect for the week,1
Guy Chelsea,Platonic,1
Guy Chelsea,the Professor's,1
Daily Mirror,Guy Chelsea,1
Guy Chelsea,the Boy her Boy,1
Chelsea,Guy Chelsea,1
Boy Blue,Little Boy Blue's,4
Joan of Arc,Little Boy Blue's,1
Folkestone,Little Boy Blue's,2
Little Boy Blue's,the Boy Blue,1
Citadel,Little Boy Blue's,1
Little Boy Blue's,rŰle,1
Little Boy Blue's,Trinity,2
Channel,Little Boy Blue's,1
Ipswich,Little Boy Blue's,1
Little Boy Blue's,Norwich Cathedral,1
Dovercourt,Little Boy Blue's,2
Little Boy Blue's,tŠchei,1
Little Boy Blue's,Parliament,1
Little Boy Blue's,the House of Lords,1
Little Boy Blue's,Upper House,1
I.,Little Boy Blue's,1
Church,Little Boy Blue's,1
Christobel Charteris,Little Boy Blue's,6
Little Boy Blue ',Little Boy Blue's,1
Little Boy Blue's,the Bull Hotel,1
Jenkins,Little Boy Blue's,1
Harveys,Little Boy Blue's,1
Little Boy Blue's,Time,2
Little Boy Blue's,the Little Boy Blue,1
Charing Cross,Little Boy Blue's,1
Little Boy Blue's,the New Gallery,1
Academy,Little Boy Blue's,2
Little Boy Blue's,the Boy's,2
Little Boy Blue's,Times,1
Little Boy Blue's,Whereupon,3
Christobel,Little Boy Blue's,1
Little Boy Blue's,the Bank of England,1
Little Boy Blue's,the Royal Exchange,1
Little Boy Blue's,the Aerated Bread Company,1
Little Boy Blue's,Piccadilly,1
Little Boy Blue's,Monsieur Delma's,1
Imperial,Little Boy Blue's,1
Little Boy Blue's,the Daily Graphic,2
Little Boy Blue's,the Daily Mirror!,1
Graphic,Little Boy Blue's,1
Illustrated,Little Boy Blue's,1
Little Boy Blue's,a Morning Post,1
Little Boy Blue's,this Daily Mirror,1
Little Boy Blue's,the Daily Mirror,2
Boulogne Cathedral,Little Boy Blue's,2
Little Boy Blue's,Parson,1
Little Boy Blue's,Professor,1
Little Boy Blue's,the Collect for the week,1
Little Boy Blue's,Platonic,1
Little Boy Blue's,the Professor's,1
Daily Mirror,Little Boy Blue's,1
Little Boy Blue's,the Boy her Boy,1
Chelsea,Little Boy Blue's,1
Boy Blue,Joan of Arc,4
Boy Blue,Folkestone,8
Boy Blue,Boy Blue,6
Boy Blue,the Boy Blue,4
Boy Blue,Citadel,4
Boy Blue,rŰle,4
Boy Blue,Trinity,8
Boy Blue,Channel,4
Boy Blue,Ipswich,4
Boy Blue,Norwich Cathedral,4
Boy Blue,Dovercourt,8
Boy Blue,tŠchei,4
Boy Blue,Parliament,4
Boy Blue,the House of Lords,4
Boy Blue,Upper House,4
Boy Blue,I.,4
Boy Blue,Church,4
Boy Blue,Christobel Charteris,24
Boy Blue,Little Boy Blue ',4
Boy Blue,the Bull Hotel,4
Boy Blue,Jenkins,4
Boy Blue,Harveys,4
Boy Blue,Time,8
Boy Blue,the Little Boy Blue,4
Boy Blue,Charing Cross,4
Boy Blue,the New Gallery,4
Academy,Boy Blue,8
Boy Blue,the Boy's,8
Boy Blue,Times,4
Boy Blue,Whereupon,12
Boy Blue,Christobel,4
Boy Blue,the Bank of England,4
Boy Blue,the Royal Exchange,4
Boy Blue,the Aerated Bread Company,4
Boy Blue,Piccadilly,4
Boy Blue,Monsieur Delma's,4
Boy Blue,Imperial,4
Boy Blue,the Daily Graphic,8
Boy Blue,the Daily Mirror!,4
Boy Blue,Graphic,4
Boy Blue,Illustrated,4
Boy Blue,a Morning Post,4
Boy Blue,this Daily Mirror,4
Boy Blue,the Daily Mirror,8
Boulogne Cathedral,Boy Blue,8
Boy Blue,Parson,4
Boy Blue,Professor,4
Boy Blue,the Collect for the week,4
Boy Blue,Platonic,4
Boy Blue,the Professor's,4
Boy Blue,Daily Mirror,4
Boy Blue,the Boy her Boy,4
Boy Blue,Chelsea,4
Folkestone,Joan of Arc,2
Joan of Arc,the Boy Blue,1
Citadel,Joan of Arc,1
Joan of Arc,rŰle,1
Joan of Arc,Trinity,2
Channel,Joan of Arc,1
Ipswich,Joan of Arc,1
Joan of Arc,Norwich Cathedral,1
Dovercourt,Joan of Arc,2
Joan of Arc,tŠchei,1
Joan of Arc,Parliament,1
Joan of Arc,the House of Lords,1
Joan of Arc,Upper House,1
I.,Joan of Arc,1
Church,Joan of Arc,1
Christobel Charteris,Joan of Arc,6
Joan of Arc,Little Boy Blue ',1
Joan of Arc,the Bull Hotel,1
Jenkins,Joan of Arc,1
Harveys,Joan of Arc,1
Joan of Arc,Time,2
Joan of Arc,the Little Boy Blue,1
Charing Cross,Joan of Arc,1
Joan of Arc,the New Gallery,1
Academy,Joan of Arc,2
Joan of Arc,the Boy's,2
Joan of Arc,Times,1
Joan of Arc,Whereupon,3
Christobel,Joan of Arc,1
Joan of Arc,the Bank of England,1
Joan of Arc,the Royal Exchange,1
Joan of Arc,the Aerated Bread Company,1
Joan of Arc,Piccadilly,1
Joan of Arc,Monsieur Delma's,1
Imperial,Joan of Arc,1
Joan of Arc,the Daily Graphic,2
Joan of Arc,the Daily Mirror!,1
Graphic,Joan of Arc,1
Illustrated,Joan of Arc,1
Joan of Arc,a Morning Post,1
Joan of Arc,this Daily Mirror,1
Joan of Arc,the Daily Mirror,2
Boulogne Cathedral,Joan of Arc,2
Joan of Arc,Parson,1
Joan of Arc,Professor,1
Joan of Arc,the Collect for the week,1
Joan of Arc,Platonic,1
Joan of Arc,the Professor's,1
Daily Mirror,Joan of Arc,1
Joan of Arc,the Boy her Boy,1
Chelsea,Joan of Arc,1
Folkestone,the Boy Blue,2
Citadel,Folkestone,2
Folkestone,rŰle,2
Folkestone,Trinity,4
Channel,Folkestone,2
Folkestone,Ipswich,2
Folkestone,Norwich Cathedral,2
Dovercourt,Folkestone,4
Folkestone,tŠchei,2
Folkestone,Parliament,2
Folkestone,the House of Lords,2
Folkestone,Upper House,2
Folkestone,I.,2
Church,Folkestone,2
Christobel Charteris,Folkestone,12
Folkestone,Little Boy Blue ',2
Folkestone,the Bull Hotel,2
Folkestone,Jenkins,2
Folkestone,Harveys,2
Folkestone,Time,4
Folkestone,the Little Boy Blue,2
Charing Cross,Folkestone,2
Folkestone,Folkestone,1
Folkestone,the New Gallery,2
Academy,Folkestone,4
Folkestone,the Boy's,4
Folkestone,Times,2
Folkestone,Whereupon,6
Christobel,Folkestone,2
Folkestone,the Bank of England,2
Folkestone,the Royal Exchange,2
Folkestone,the Aerated Bread Company,2
Folkestone,Piccadilly,2
Folkestone,Monsieur Delma's,2
Folkestone,Imperial,2
Folkestone,the Daily Graphic,4
Folkestone,the Daily Mirror!,2
Folkestone,Graphic,2
Folkestone,Illustrated,2
Folkestone,a Morning Post,2
Folkestone,this Daily Mirror,2
Folkestone,the Daily Mirror,4
Boulogne Cathedral,Folkestone,4
Folkestone,Parson,2
Folkestone,Professor,2
Folkestone,the Collect for the week,2
Folkestone,Platonic,2
Folkestone,the Professor's,2
Daily Mirror,Folkestone,2
Folkestone,the Boy her Boy,2
Chelsea,Folkestone,2
Citadel,the Boy Blue,1
rŰle,the Boy Blue,1
Trinity,the Boy Blue,2
Channel,the Boy Blue,1
Ipswich,the Boy Blue,1
Norwich Cathedral,the Boy Blue,1
Dovercourt,the Boy Blue,2
the Boy Blue,tŠchei,1
Parliament,the Boy Blue,1
the Boy Blue,the House of Lords,1
Upper House,the Boy Blue,1
I.,the Boy Blue,1
Church,the Boy Blue,1
Christobel Charteris,the Boy Blue,6
Little Boy Blue ',the Boy Blue,1
the Boy Blue,the Bull Hotel,1
Jenkins,the Boy Blue,1
Harveys,the Boy Blue,1
Time,the Boy Blue,2
the Boy Blue,the Little Boy Blue,1
Charing Cross,the Boy Blue,1
the Boy Blue,the New Gallery,1
Academy,the Boy Blue,2
the Boy Blue,the Boy's,2
Times,the Boy Blue,1
Whereupon,the Boy Blue,3
Christobel,the Boy Blue,1
the Bank of England,the Boy Blue,1
the Boy Blue,the Royal Exchange,1
the Aerated Bread Company,the Boy Blue,1
Piccadilly,the Boy Blue,1
Monsieur Delma's,the Boy Blue,1
Imperial,the Boy Blue,1
the Boy Blue,the Daily Graphic,2
the Boy Blue,the Daily Mirror!,1
Graphic,the Boy Blue,1
Illustrated,the Boy Blue,1
a Morning Post,the Boy Blue,1
the Boy Blue,this Daily Mirror,1
the Boy Blue,the Daily Mirror,2
Boulogne Cathedral,the Boy Blue,2
Parson,the Boy Blue,1
Professor,the Boy Blue,1
the Boy Blue,the Collect for the week,1
Platonic,the Boy Blue,1
the Boy Blue,the Professor's,1
Daily Mirror,the Boy Blue,1
the Boy Blue,the Boy her Boy,1
Chelsea,the Boy Blue,1
Citadel,rŰle,1
Citadel,Trinity,2
Channel,Citadel,1
Citadel,Ipswich,1
Citadel,Norwich Cathedral,1
Citadel,Dovercourt,2
Citadel,tŠchei,1
Citadel,Parliament,1
Citadel,the House of Lords,1
Citadel,Upper House,1
Citadel,I.,1
Church,Citadel,1
Christobel Charteris,Citadel,6
Citadel,Little Boy Blue ',1
Citadel,the Bull Hotel,1
Citadel,Jenkins,1
Citadel,Harveys,1
Citadel,Time,2
Citadel,the Little Boy Blue,1
Charing Cross,Citadel,1
Citadel,the New Gallery,1
Academy,Citadel,2
Citadel,the Boy's,2
Citadel,Times,1
Citadel,Whereupon,3
Christobel,Citadel,1
Citadel,the Bank of England,1
Citadel,the Royal Exchange,1
Citadel,the Aerated Bread Company,1
Citadel,Piccadilly,1
Citadel,Monsieur Delma's,1
Citadel,Imperial,1
Citadel,the Daily Graphic,2
Citadel,the Daily Mirror!,1
Citadel,Graphic,1
Citadel,Illustrated,1
Citadel,a Morning Post,1
Citadel,this Daily Mirror,1
Citadel,the Daily Mirror,2
Boulogne Cathedral,Citadel,2
Citadel,Parson,1
Citadel,Professor,1
Citadel,the Collect for the week,1
Citadel,Platonic,1
Citadel,the Professor's,1
Citadel,Daily Mirror,1
Citadel,the Boy her Boy,1
Chelsea,Citadel,1
Trinity,rŰle,2
Channel,rŰle,1
Ipswich,rŰle,1
Norwich Cathedral,rŰle,1
Dovercourt,rŰle,2
rŰle,tŠchei,1
Parliament,rŰle,1
rŰle,the House of Lords,1
Upper House,rŰle,1
I.,rŰle,1
Church,rŰle,1
Christobel Charteris,rŰle,6
Little Boy Blue ',rŰle,1
rŰle,the Bull Hotel,1
Jenkins,rŰle,1
Harveys,rŰle,1
Time,rŰle,2
rŰle,the Little Boy Blue,1
Charing Cross,rŰle,1
rŰle,the New Gallery,1
Academy,rŰle,2
rŰle,the Boy's,2
Times,rŰle,1
Whereupon,rŰle,3
Christobel,rŰle,1
rŰle,the Bank of England,1
rŰle,the Royal Exchange,1
rŰle,the Aerated Bread Company,1
Piccadilly,rŰle,1
Monsieur Delma's,rŰle,1
Imperial,rŰle,1
rŰle,the Daily Graphic,2
rŰle,the Daily Mirror!,1
Graphic,rŰle,1
Illustrated,rŰle,1
a Morning Post,rŰle,1
rŰle,this Daily Mirror,1
rŰle,the Daily Mirror,2
Boulogne Cathedral,rŰle,2
Parson,rŰle,1
Professor,rŰle,1
rŰle,the Collect for the week,1
Platonic,rŰle,1
rŰle,the Professor's,1
Daily Mirror,rŰle,1
rŰle,the Boy her Boy,1
Chelsea,rŰle,1
Channel,Trinity,2
Ipswich,Trinity,2
Norwich Cathedral,Trinity,2
Dovercourt,Trinity,4
Trinity,tŠchei,2
Parliament,Trinity,2
Trinity,the House of Lords,2
Trinity,Upper House,2
I.,Trinity,2
Trinity,Trinity,1
Church,Trinity,2
Christobel Charteris,Trinity,12
Little Boy Blue ',Trinity,2
Trinity,the Bull Hotel,2
Jenkins,Trinity,2
Harveys,Trinity,2
Time,Trinity,4
Trinity,the Little Boy Blue,2
Charing Cross,Trinity,2
Trinity,the New Gallery,2
Academy,Trinity,4
Trinity,the Boy's,4
Times,Trinity,2
Trinity,Whereupon,6
Christobel,Trinity,2
Trinity,the Bank of England,2
Trinity,the Royal Exchange,2
Trinity,the Aerated Bread Company,2
Piccadilly,Trinity,2
Monsieur Delma's,Trinity,2
Imperial,Trinity,2
Trinity,the Daily Graphic,4
Trinity,the Daily Mirror!,2
Graphic,Trinity,2
Illustrated,Trinity,2
Trinity,a Morning Post,2
Trinity,this Daily Mirror,2
Trinity,the Daily Mirror,4
Boulogne Cathedral,Trinity,4
Parson,Trinity,2
Professor,Trinity,2
Trinity,the Collect for the week,2
Platonic,Trinity,2
Trinity,the Professor's,2
Daily Mirror,Trinity,2
Trinity,the Boy her Boy,2
Chelsea,Trinity,2
Channel,Ipswich,1
Channel,Norwich Cathedral,1
Channel,Dovercourt,2
Channel,tŠchei,1
Channel,Parliament,1
Channel,the House of Lords,1
Channel,Upper House,1
Channel,I.,1
Channel,Church,1
Channel,Christobel Charteris,6
Channel,Little Boy Blue ',1
Channel,the Bull Hotel,1
Channel,Jenkins,1
Channel,Harveys,1
Channel,Time,2
Channel,the Little Boy Blue,1
Channel,Charing Cross,1
Channel,the New Gallery,1
Academy,Channel,2
Channel,the Boy's,2
Channel,Times,1
Channel,Whereupon,3
Channel,Christobel,1
Channel,the Bank of England,1
Channel,the Royal Exchange,1
Channel,the Aerated Bread Company,1
Channel,Piccadilly,1
Channel,Monsieur Delma's,1
Channel,Imperial,1
Channel,the Daily Graphic,2
Channel,the Daily Mirror!,1
Channel,Graphic,1
Channel,Illustrated,1
Channel,a Morning Post,1
Channel,this Daily Mirror,1
Channel,the Daily Mirror,2
Boulogne Cathedral,Channel,2
Channel,Parson,1
Channel,Professor,1
Channel,the Collect for the week,1
Channel,Platonic,1
Channel,the Professor's,1
Channel,Daily Mirror,1
Channel,the Boy her Boy,1
Channel,Chelsea,1
Ipswich,Norwich Cathedral,1
Dovercourt,Ipswich,2
Ipswich,tŠchei,1
Ipswich,Parliament,1
Ipswich,the House of Lords,1
Ipswich,Upper House,1
I.,Ipswich,1
Church,Ipswich,1
Christobel Charteris,Ipswich,6
Ipswich,Little Boy Blue ',1
Ipswich,the Bull Hotel,1
Ipswich,Jenkins,1
Harveys,Ipswich,1
Ipswich,Time,2
Ipswich,the Little Boy Blue,1
Charing Cross,Ipswich,1
Ipswich,the New Gallery,1
Academy,Ipswich,2
Ipswich,the Boy's,2
Ipswich,Times,1
Ipswich,Whereupon,3
Christobel,Ipswich,1
Ipswich,the Bank of England,1
Ipswich,the Royal Exchange,1
Ipswich,the Aerated Bread Company,1
Ipswich,Piccadilly,1
Ipswich,Monsieur Delma's,1
Imperial,Ipswich,1
Ipswich,the Daily Graphic,2
Ipswich,the Daily Mirror!,1
Graphic,Ipswich,1
Illustrated,Ipswich,1
Ipswich,a Morning Post,1
Ipswich,this Daily Mirror,1
Ipswich,the Daily Mirror,2
Boulogne Cathedral,Ipswich,2
Ipswich,Parson,1
Ipswich,Professor,1
Ipswich,the Collect for the week,1
Ipswich,Platonic,1
Ipswich,the Professor's,1
Daily Mirror,Ipswich,1
Ipswich,the Boy her Boy,1
Chelsea,Ipswich,1
Dovercourt,Norwich Cathedral,2
Norwich Cathedral,tŠchei,1
Norwich Cathedral,Parliament,1
Norwich Cathedral,the House of Lords,1
Norwich Cathedral,Upper House,1
I.,Norwich Cathedral,1
Church,Norwich Cathedral,1
Christobel Charteris,Norwich Cathedral,6
Little Boy Blue ',Norwich Cathedral,1
Norwich Cathedral,the Bull Hotel,1
Jenkins,Norwich Cathedral,1
Harveys,Norwich Cathedral,1
Norwich Cathedral,Time,2
Norwich Cathedral,the Little Boy Blue,1
Charing Cross,Norwich Cathedral,1
Norwich Cathedral,the New Gallery,1
Academy,Norwich Cathedral,2
Norwich Cathedral,the Boy's,2
Norwich Cathedral,Times,1
Norwich Cathedral,Whereupon,3
Christobel,Norwich Cathedral,1
Norwich Cathedral,the Bank of England,1
Norwich Cathedral,the Royal Exchange,1
Norwich Cathedral,the Aerated Bread Company,1
Norwich Cathedral,Piccadilly,1
Monsieur Delma's,Norwich Cathedral,1
Imperial,Norwich Cathedral,1
Norwich Cathedral,the Daily Graphic,2
Norwich Cathedral,the Daily Mirror!,1
Graphic,Norwich Cathedral,1
Illustrated,Norwich Cathedral,1
Norwich Cathedral,a Morning Post,1
Norwich Cathedral,this Daily Mirror,1
Norwich Cathedral,the Daily Mirror,2
Boulogne Cathedral,Norwich Cathedral,2
Norwich Cathedral,Parson,1
Norwich Cathedral,Professor,1
Norwich Cathedral,the Collect for the week,1
Norwich Cathedral,Platonic,1
Norwich Cathedral,the Professor's,1
Daily Mirror,Norwich Cathedral,1
Norwich Cathedral,the Boy her Boy,1
Chelsea,Norwich Cathedral,1
Dovercourt,tŠchei,2
Dovercourt,Parliament,2
Dovercourt,the House of Lords,2
Dovercourt,Upper House,2
Dovercourt,I.,2
Church,Dovercourt,2
Christobel Charteris,Dovercourt,12
Dovercourt,Dovercourt,1
Dovercourt,Little Boy Blue ',2
Dovercourt,the Bull Hotel,2
Dovercourt,Jenkins,2
Dovercourt,Harveys,2
Dovercourt,Time,4
Dovercourt,the Little Boy Blue,2
Charing Cross,Dovercourt,2
Dovercourt,the New Gallery,2
Academy,Dovercourt,4
Dovercourt,the Boy's,4
Dovercourt,Times,2
Dovercourt,Whereupon,6
Christobel,Dovercourt,2
Dovercourt,the Bank of England,2
Dovercourt,the Royal Exchange,2
Dovercourt,the Aerated Bread Company,2
Dovercourt,Piccadilly,2
Dovercourt,Monsieur Delma's,2
Dovercourt,Imperial,2
Dovercourt,the Daily Graphic,4
Dovercourt,the Daily Mirror!,2
Dovercourt,Graphic,2
Dovercourt,Illustrated,2
Dovercourt,a Morning Post,2
Dovercourt,this Daily Mirror,2
Dovercourt,the Daily Mirror,4
Boulogne Cathedral,Dovercourt,4
Dovercourt,Parson,2
Dovercourt,Professor,2
Dovercourt,the Collect for the week,2
Dovercourt,Platonic,2
Dovercourt,the Professor's,2
Daily Mirror,Dovercourt,2
Dovercourt,the Boy her Boy,2
Chelsea,Dovercourt,2
Parliament,tŠchei,1
the House of Lords,tŠchei,1
Upper House,tŠchei,1
I.,tŠchei,1
Church,tŠchei,1
Christobel Charteris,tŠchei,6
Little Boy Blue ',tŠchei,1
the Bull Hotel,tŠchei,1
Jenkins,tŠchei,1
Harveys,tŠchei,1
Time,tŠchei,2
the Little Boy Blue,tŠchei,1
Charing Cross,tŠchei,1
the New Gallery,tŠchei,1
Academy,tŠchei,2
the Boy's,tŠchei,2
Times,tŠchei,1
Whereupon,tŠchei,3
Christobel,tŠchei,1
the Bank of England,tŠchei,1
the Royal Exchange,tŠchei,1
the Aerated Bread Company,tŠchei,1
Piccadilly,tŠchei,1
Monsieur Delma's,tŠchei,1
Imperial,tŠchei,1
the Daily Graphic,tŠchei,2
the Daily Mirror!,tŠchei,1
Graphic,tŠchei,1
Illustrated,tŠchei,1
a Morning Post,tŠchei,1
this Daily Mirror,tŠchei,1
the Daily Mirror,tŠchei,2
Boulogne Cathedral,tŠchei,2
Parson,tŠchei,1
Professor,tŠchei,1
the Collect for the week,tŠchei,1
Platonic,tŠchei,1
the Professor's,tŠchei,1
Daily Mirror,tŠchei,1
the Boy her Boy,tŠchei,1
Chelsea,tŠchei,1
Parliament,the House of Lords,1
Parliament,Upper House,1
I.,Parliament,1
Church,Parliament,1
Christobel Charteris,Parliament,6
Little Boy Blue ',Parliament,1
Parliament,the Bull Hotel,1
Jenkins,Parliament,1
Harveys,Parliament,1
Parliament,Time,2
Parliament,the Little Boy Blue,1
Charing Cross,Parliament,1
Parliament,the New Gallery,1
Academy,Parliament,2
Parliament,the Boy's,2
Parliament,Times,1
Parliament,Whereupon,3
Christobel,Parliament,1
Parliament,the Bank of England,1
Parliament,the Royal Exchange,1
Parliament,the Aerated Bread Company,1
Parliament,Piccadilly,1
Monsieur Delma's,Parliament,1
Imperial,Parliament,1
Parliament,the Daily Graphic,2
Parliament,the Daily Mirror!,1
Graphic,Parliament,1
Illustrated,Parliament,1
Parliament,a Morning Post,1
Parliament,this Daily Mirror,1
Parliament,the Daily Mirror,2
Boulogne Cathedral,Parliament,2
Parliament,Parson,1
Parliament,Professor,1
Parliament,the Collect for the week,1
Parliament,Platonic,1
Parliament,the Professor's,1
Daily Mirror,Parliament,1
Parliament,the Boy her Boy,1
Chelsea,Parliament,1
Upper House,the House of Lords,1
I.,the House of Lords,1
Church,the House of Lords,1
Christobel Charteris,the House of Lords,6
Little Boy Blue ',the House of Lords,1
the Bull Hotel,the House of Lords,1
Jenkins,the House of Lords,1
Harveys,the House of Lords,1
Time,the House of Lords,2
the House of Lords,the Little Boy Blue,1
Charing Cross,the House of Lords,1
the House of Lords,the New Gallery,1
Academy,the House of Lords,2
the Boy's,the House of Lords,2
Times,the House of Lords,1
Whereupon,the House of Lords,3
Christobel,the House of Lords,1
the Bank of England,the House of Lords,1
the House of Lords,the Royal Exchange,1
the Aerated Bread Company,the House of Lords,1
Piccadilly,the House of Lords,1
Monsieur Delma's,the House of Lords,1
Imperial,the House of Lords,1
the Daily Graphic,the House of Lords,2
the Daily Mirror!,the House of Lords,1
Graphic,the House of Lords,1
Illustrated,the House of Lords,1
a Morning Post,the House of Lords,1
the House of Lords,this Daily Mirror,1
the Daily Mirror,the House of Lords,2
Boulogne Cathedral,the House of Lords,2
Parson,the House of Lords,1
Professor,the House of Lords,1
the Collect for the week,the House of Lords,1
Platonic,the House of Lords,1
the House of Lords,the Professor's,1
Daily Mirror,the House of Lords,1
the Boy her Boy,the House of Lords,1
Chelsea,the House of Lords,1
I.,Upper House,1
Church,Upper House,1
Christobel Charteris,Upper House,6
Little Boy Blue ',Upper House,1
Upper House,the Bull Hotel,1
Jenkins,Upper House,1
Harveys,Upper House,1
Time,Upper House,2
Upper House,the Little Boy Blue,1
Charing Cross,Upper House,1
Upper House,the New Gallery,1
Academy,Upper House,2
Upper House,the Boy's,2
Times,Upper House,1
Upper House,Whereupon,3
Christobel,Upper House,1
Upper House,the Bank of England,1
Upper House,the Royal Exchange,1
Upper House,the Aerated Bread Company,1
Piccadilly,Upper House,1
Monsieur Delma's,Upper House,1
Imperial,Upper House,1
Upper House,the Daily Graphic,2
Upper House,the Daily Mirror!,1
Graphic,Upper House,1
Illustrated,Upper House,1
Upper House,a Morning Post,1
Upper House,this Daily Mirror,1
Upper House,the Daily Mirror,2
Boulogne Cathedral,Upper House,2
Parson,Upper House,1
Professor,Upper House,1
Upper House,the Collect for the week,1
Platonic,Upper House,1
Upper House,the Professor's,1
Daily Mirror,Upper House,1
Upper House,the Boy her Boy,1
Chelsea,Upper House,1
Church,I.,1
Christobel Charteris,I.,6
I.,Little Boy Blue ',1
I.,the Bull Hotel,1
I.,Jenkins,1
Harveys,I.,1
I.,Time,2
I.,the Little Boy Blue,1
Charing Cross,I.,1
I.,the New Gallery,1
Academy,I.,2
I.,the Boy's,2
I.,Times,1
I.,Whereupon,3
Christobel,I.,1
I.,the Bank of England,1
I.,the Royal Exchange,1
I.,the Aerated Bread Company,1
I.,Piccadilly,1
I.,Monsieur Delma's,1
I.,Imperial,1
I.,the Daily Graphic,2
I.,the Daily Mirror!,1
Graphic,I.,1
I.,Illustrated,1
I.,a Morning Post,1
I.,this Daily Mirror,1
I.,the Daily Mirror,2
Boulogne Cathedral,I.,2
I.,Parson,1
I.,Professor,1
I.,the Collect for the week,1
I.,Platonic,1
I.,the Professor's,1
Daily Mirror,I.,1
I.,the Boy her Boy,1
Chelsea,I.,1
Christobel Charteris,Church,6
Church,Little Boy Blue ',1
Church,the Bull Hotel,1
Church,Jenkins,1
Church,Harveys,1
Church,Time,2
Church,the Little Boy Blue,1
Charing Cross,Church,1
Church,the New Gallery,1
Academy,Church,2
Church,the Boy's,2
Church,Times,1
Church,Whereupon,3
Christobel,Church,1
Church,the Bank of England,1
Church,the Royal Exchange,1
Church,the Aerated Bread Company,1
Church,Piccadilly,1
Church,Monsieur Delma's,1
Church,Imperial,1
Church,the Daily Graphic,2
Church,the Daily Mirror!,1
Church,Graphic,1
Church,Illustrated,1
Church,a Morning Post,1
Church,this Daily Mirror,1
Church,the Daily Mirror,2
Boulogne Cathedral,Church,2
Church,Parson,1
Church,Professor,1
Church,the Collect for the week,1
Church,Platonic,1
Church,the Professor's,1
Church,Daily Mirror,1
Church,the Boy her Boy,1
Chelsea,Church,1
Christobel Charteris,Little Boy Blue ',6
Christobel Charteris,the Bull Hotel,6
Christobel Charteris,Jenkins,6
Christobel Charteris,Harveys,6
Christobel Charteris,Time,12
Christobel Charteris,the Little Boy Blue,6
Charing Cross,Christobel Charteris,6
Christobel Charteris,Christobel Charteris,15
Christobel Charteris,the New Gallery,6
Academy,Christobel Charteris,12
Christobel Charteris,the Boy's,12
Christobel Charteris,Times,6
Christobel Charteris,Whereupon,18
Christobel,Christobel Charteris,6
Christobel Charteris,the Bank of England,6
Christobel Charteris,the Royal Exchange,6
Christobel Charteris,the Aerated Bread Company,6
Christobel Charteris,Piccadilly,6
Christobel Charteris,Monsieur Delma's,6
Christobel Charteris,Imperial,6
Christobel Charteris,the Daily Graphic,12
Christobel Charteris,the Daily Mirror!,6
Christobel Charteris,Graphic,6
Christobel Charteris,Illustrated,6
Christobel Charteris,a Morning Post,6
Christobel Charteris,this Daily Mirror,6
Christobel Charteris,the Daily Mirror,12
Boulogne Cathedral,Christobel Charteris,12
Christobel Charteris,Parson,6
Christobel Charteris,Professor,6
Christobel Charteris,the Collect for the week,6
Christobel Charteris,Platonic,6
Christobel Charteris,the Professor's,6
Christobel Charteris,Daily Mirror,6
Christobel Charteris,the Boy her Boy,6
Chelsea,Christobel Charteris,6
Little Boy Blue ',the Bull Hotel,1
Jenkins,Little Boy Blue ',1
Harveys,Little Boy Blue ',1
Little Boy Blue ',Time,2
Little Boy Blue ',the Little Boy Blue,1
Charing Cross,Little Boy Blue ',1
Little Boy Blue ',the New Gallery,1
Academy,Little Boy Blue ',2
Little Boy Blue ',the Boy's,2
Little Boy Blue ',Times,1
Little Boy Blue ',Whereupon,3
Christobel,Little Boy Blue ',1
Little Boy Blue ',the Bank of England,1
Little Boy Blue ',the Royal Exchange,1
Little Boy Blue ',the Aerated Bread Company,1
Little Boy Blue ',Piccadilly,1
Little Boy Blue ',Monsieur Delma's,1
Imperial,Little Boy Blue ',1
Little Boy Blue ',the Daily Graphic,2
Little Boy Blue ',the Daily Mirror!,1
Graphic,Little Boy Blue ',1
Illustrated,Little Boy Blue ',1
Little Boy Blue ',a Morning Post,1
Little Boy Blue ',this Daily Mirror,1
Little Boy Blue ',the Daily Mirror,2
Boulogne Cathedral,Little Boy Blue ',2
Little Boy Blue ',Parson,1
Little Boy Blue ',Professor,1
Little Boy Blue ',the Collect for the week,1
Little Boy Blue ',Platonic,1
Little Boy Blue ',the Professor's,1
Daily Mirror,Little Boy Blue ',1
Little Boy Blue ',the Boy her Boy,1
Chelsea,Little Boy Blue ',1
Jenkins,the Bull Hotel,1
Harveys,the Bull Hotel,1
Time,the Bull Hotel,2
the Bull Hotel,the Little Boy Blue,1
Charing Cross,the Bull Hotel,1
the Bull Hotel,the New Gallery,1
Academy,the Bull Hotel,2
the Boy's,the Bull Hotel,2
Times,the Bull Hotel,1
Whereupon,the Bull Hotel,3
Christobel,the Bull Hotel,1
the Bank of England,the Bull Hotel,1
the Bull Hotel,the Royal Exchange,1
the Aerated Bread Company,the Bull Hotel,1
Piccadilly,the Bull Hotel,1
Monsieur Delma's,the Bull Hotel,1
Imperial,the Bull Hotel,1
the Bull Hotel,the Daily Graphic,2
the Bull Hotel,the Daily Mirror!,1
Graphic,the Bull Hotel,1
Illustrated,the Bull Hotel,1
a Morning Post,the Bull Hotel,1
the Bull Hotel,this Daily Mirror,1
the Bull Hotel,the Daily Mirror,2
Boulogne Cathedral,the Bull Hotel,2
Parson,the Bull Hotel,1
Professor,the Bull Hotel,1
the Bull Hotel,the Collect for the week,1
Platonic,the Bull Hotel,1
the Bull Hotel,the Professor's,1
Daily Mirror,the Bull Hotel,1
the Boy her Boy,the Bull Hotel,1
Chelsea,the Bull Hotel,1
Harveys,Jenkins,1
Jenkins,Time,2
Jenkins,the Little Boy Blue,1
Charing Cross,Jenkins,1
Jenkins,the New Gallery,1
Academy,Jenkins,2
Jenkins,the Boy's,2
Jenkins,Times,1
Jenkins,Whereupon,3
Christobel,Jenkins,1
Jenkins,the Bank of England,1
Jenkins,the Royal Exchange,1
Jenkins,the Aerated Bread Company,1
Jenkins,Piccadilly,1
Jenkins,Monsieur Delma's,1
Imperial,Jenkins,1
Jenkins,the Daily Graphic,2
Jenkins,the Daily Mirror!,1
Graphic,Jenkins,1
Illustrated,Jenkins,1
Jenkins,a Morning Post,1
Jenkins,this Daily Mirror,1
Jenkins,the Daily Mirror,2
Boulogne Cathedral,Jenkins,2
Jenkins,Parson,1
Jenkins,Professor,1
Jenkins,the Collect for the week,1
Jenkins,Platonic,1
Jenkins,the Professor's,1
Daily Mirror,Jenkins,1
Jenkins,the Boy her Boy,1
Chelsea,Jenkins,1
Harveys,Time,2
Harveys,the Little Boy Blue,1
Charing Cross,Harveys,1
Harveys,the New Gallery,1
Academy,Harveys,2
Harveys,the Boy's,2
Harveys,Times,1
Harveys,Whereupon,3
Christobel,Harveys,1
Harveys,the Bank of England,1
Harveys,the Royal Exchange,1
Harveys,the Aerated Bread Company,1
Harveys,Piccadilly,1
Harveys,Monsieur Delma's,1
Harveys,Imperial,1
Harveys,the Daily Graphic,2
Harveys,the Daily Mirror!,1
Graphic,Harveys,1
Harveys,Illustrated,1
Harveys,a Morning Post,1
Harveys,this Daily Mirror,1
Harveys,the Daily Mirror,2
Boulogne Cathedral,Harveys,2
Harveys,Parson,1
Harveys,Professor,1
Harveys,the Collect for the week,1
Harveys,Platonic,1
Harveys,the Professor's,1
Daily Mirror,Harveys,1
Harveys,the Boy her Boy,1
Chelsea,Harveys,1
Time,the Little Boy Blue,2
Charing Cross,Time,2
Time,the New Gallery,2
Academy,Time,4
Time,the Boy's,4
Time,Times,2
Time,Time,1
Time,Whereupon,6
Christobel,Time,2
Time,the Bank of England,2
Time,the Royal Exchange,2
Time,the Aerated Bread Company,2
Piccadilly,Time,2
Monsieur Delma's,Time,2
Imperial,Time,2
Time,the Daily Graphic,4
Time,the Daily Mirror!,2
Graphic,Time,2
Illustrated,Time,2
Time,a Morning Post,2
Time,this Daily Mirror,2
Time,the Daily Mirror,4
Boulogne Cathedral,Time,4
Parson,Time,2
Professor,Time,2
Time,the Collect for the week,2
Platonic,Time,2
Time,the Professor's,2
Daily Mirror,Time,2
Time,the Boy her Boy,2
Chelsea,Time,2
Charing Cross,the Little Boy Blue,1
the Little Boy Blue,the New Gallery,1
Academy,the Little Boy Blue,2
the Boy's,the Little Boy Blue,2
Times,the Little Boy Blue,1
Whereupon,the Little Boy Blue,3
Christobel,the Little Boy Blue,1
the Bank of England,the Little Boy Blue,1
the Little Boy Blue,the Royal Exchange,1
the Aerated Bread Company,the Little Boy Blue,1
Piccadilly,the Little Boy Blue,1
Monsieur Delma's,the Little Boy Blue,1
Imperial,the Little Boy Blue,1
the Daily Graphic,the Little Boy Blue,2
the Daily Mirror!,the Little Boy Blue,1
Graphic,the Little Boy Blue,1
Illustrated,the Little Boy Blue,1
a Morning Post,the Little Boy Blue,1
the Little Boy Blue,this Daily Mirror,1
the Daily Mirror,the Little Boy Blue,2
Boulogne Cathedral,the Little Boy Blue,2
Parson,the Little Boy Blue,1
Professor,the Little Boy Blue,1
the Collect for the week,the Little Boy Blue,1
Platonic,the Little Boy Blue,1
the Little Boy Blue,the Professor's,1
Daily Mirror,the Little Boy Blue,1
the Boy her Boy,the Little Boy Blue,1
Chelsea,the Little Boy Blue,1
Charing Cross,the New Gallery,1
Academy,Charing Cross,2
Charing Cross,the Boy's,2
Charing Cross,Times,1
Charing Cross,Whereupon,3
Charing Cross,Christobel,1
Charing Cross,the Bank of England,1
Charing Cross,the Royal Exchange,1
Charing Cross,the Aerated Bread Company,1
Charing Cross,Piccadilly,1
Charing Cross,Monsieur Delma's,1
Charing Cross,Imperial,1
Charing Cross,the Daily Graphic,2
Charing Cross,the Daily Mirror!,1
Charing Cross,Graphic,1
Charing Cross,Illustrated,1
Charing Cross,a Morning Post,1
Charing Cross,this Daily Mirror,1
Charing Cross,the Daily Mirror,2
Boulogne Cathedral,Charing Cross,2
Charing Cross,Parson,1
Charing Cross,Professor,1
Charing Cross,the Collect for the week,1
Charing Cross,Platonic,1
Charing Cross,the Professor's,1
Charing Cross,Daily Mirror,1
Charing Cross,the Boy her Boy,1
Charing Cross,Chelsea,1
Academy,the New Gallery,2
the Boy's,the New Gallery,2
Times,the New Gallery,1
Whereupon,the New Gallery,3
Christobel,the New Gallery,1
the Bank of England,the New Gallery,1
the New Gallery,the Royal Exchange,1
the Aerated Bread Company,the New Gallery,1
Piccadilly,the New Gallery,1
Monsieur Delma's,the New Gallery,1
Imperial,the New Gallery,1
the Daily Graphic,the New Gallery,2
the Daily Mirror!,the New Gallery,1
Graphic,the New Gallery,1
Illustrated,the New Gallery,1
a Morning Post,the New Gallery,1
the New Gallery,this Daily Mirror,1
the Daily Mirror,the New Gallery,2
Boulogne Cathedral,the New Gallery,2
Parson,the New Gallery,1
Professor,the New Gallery,1
the Collect for the week,the New Gallery,1
Platonic,the New Gallery,1
the New Gallery,the Professor's,1
Daily Mirror,the New Gallery,1
the Boy her Boy,the New Gallery,1
Chelsea,the New Gallery,1
Academy,Academy,1
Academy,the Boy's,4
Academy,Times,2
Academy,Whereupon,6
Academy,Christobel,2
Academy,the Bank of England,2
Academy,the Royal Exchange,2
Academy,the Aerated Bread Company,2
Academy,Piccadilly,2
Academy,Monsieur Delma's,2
Academy,Imperial,2
Academy,the Daily Graphic,4
Academy,the Daily Mirror!,2
Academy,Graphic,2
Academy,Illustrated,2
Academy,a Morning Post,2
Academy,this Daily Mirror,2
Academy,the Daily Mirror,4
Academy,Boulogne Cathedral,4
Academy,Parson,2
Academy,Professor,2
Academy,the Collect for the week,2
Academy,Platonic,2
Academy,the Professor's,2
Academy,Daily Mirror,2
Academy,the Boy her Boy,2
Academy,Chelsea,2
Times,the Boy's,2
Whereupon,the Boy's,6
Christobel,the Boy's,2
the Bank of England,the Boy's,2
the Boy's,the Royal Exchange,2
the Aerated Bread Company,the Boy's,2
Piccadilly,the Boy's,2
Monsieur Delma's,the Boy's,2
Imperial,the Boy's,2
the Boy's,the Daily Graphic,4
the Boy's,the Daily Mirror!,2
Graphic,the Boy's,2
Illustrated,the Boy's,2
a Morning Post,the Boy's,2
the Boy's,this Daily Mirror,2
the Boy's,the Daily Mirror,4
Boulogne Cathedral,the Boy's,4
Parson,the Boy's,2
Professor,the Boy's,2
the Boy's,the Collect for the week,2
Platonic,the Boy's,2
the Boy's,the Professor's,2
Daily Mirror,the Boy's,2
the Boy her Boy,the Boy's,2
the Boy's,the Boy's,1
Chelsea,the Boy's,2
Times,Whereupon,3
Christobel,Times,1
Times,the Bank of England,1
Times,the Royal Exchange,1
Times,the Aerated Bread Company,1
Piccadilly,Times,1
Monsieur Delma's,Times,1
Imperial,Times,1
Times,the Daily Graphic,2
Times,the Daily Mirror!,1
Graphic,Times,1
Illustrated,Times,1
Times,a Morning Post,1
Times,this Daily Mirror,1
Times,the Daily Mirror,2
Boulogne Cathedral,Times,2
Parson,Times,1
Professor,Times,1
Times,the Collect for the week,1
Platonic,Times,1
Times,the Professor's,1
Daily Mirror,Times,1
Times,the Boy her Boy,1
Chelsea,Times,1
Christobel,Whereupon,3
Whereupon,the Bank of England,3
Whereupon,the Royal Exchange,3
Whereupon,Whereupon,3
Whereupon,the Aerated Bread Company,3
Piccadilly,Whereupon,3
Monsieur Delma's,Whereupon,3
Imperial,Whereupon,3
Whereupon,the Daily Graphic,6
Whereupon,the Daily Mirror!,3
Graphic,Whereupon,3
Illustrated,Whereupon,3
Whereupon,a Morning Post,3
Whereupon,this Daily Mirror,3
Whereupon,the Daily Mirror,6
Boulogne Cathedral,Whereupon,6
Parson,Whereupon,3
Professor,Whereupon,3
Whereupon,the Collect for the week,3
Platonic,Whereupon,3
Whereupon,the Professor's,3
Daily Mirror,Whereupon,3
Whereupon,the Boy her Boy,3
Chelsea,Whereupon,3
Christobel,the Bank of England,1
Christobel,the Royal Exchange,1
Christobel,the Aerated Bread Company,1
Christobel,Piccadilly,1
Christobel,Monsieur Delma's,1
Christobel,Imperial,1
Christobel,the Daily Graphic,2
Christobel,the Daily Mirror!,1
Christobel,Graphic,1
Christobel,Illustrated,1
Christobel,a Morning Post,1
Christobel,this Daily Mirror,1
Christobel,the Daily Mirror,2
Boulogne Cathedral,Christobel,2
Christobel,Parson,1
Christobel,Professor,1
Christobel,the Collect for the week,1
Christobel,Platonic,1
Christobel,the Professor's,1
Christobel,Daily Mirror,1
Christobel,the Boy her Boy,1
Chelsea,Christobel,1
the Bank of England,the Royal Exchange,1
the Aerated Bread Company,the Bank of England,1
Piccadilly,the Bank of England,1
Monsieur Delma's,the Bank of England,1
Imperial,the Bank of England,1
the Bank of England,the Daily Graphic,2
the Bank of England,the Daily Mirror!,1
Graphic,the Bank of England,1
Illustrated,the Bank of England,1
a Morning Post,the Bank of England,1
the Bank of England,this Daily Mirror,1
the Bank of England,the Daily Mirror,2
Boulogne Cathedral,the Bank of England,2
Parson,the Bank of England,1
Professor,the Bank of England,1
the Bank of England,the Collect for the week,1
Platonic,the Bank of England,1
the Bank of England,the Professor's,1
Daily Mirror,the Bank of England,1
the Bank of England,the Boy her Boy,1
Chelsea,the Bank of England,1
the Aerated Bread Company,the Royal Exchange,1
Piccadilly,the Royal Exchange,1
Monsieur Delma's,the Royal Exchange,1
Imperial,the Royal Exchange,1
the Daily Graphic,the Royal Exchange,2
the Daily Mirror!,the Royal Exchange,1
Graphic,the Royal Exchange,1
Illustrated,the Royal Exchange,1
a Morning Post,the Royal Exchange,1
the Royal Exchange,this Daily Mirror,1
the Daily Mirror,the Royal Exchange,2
Boulogne Cathedral,the Royal Exchange,2
Parson,the Royal Exchange,1
Professor,the Royal Exchange,1
the Collect for the week,the Royal Exchange,1
Platonic,the Royal Exchange,1
the Professor's,the Royal Exchange,1
Daily Mirror,the Royal Exchange,1
the Boy her Boy,the Royal Exchange,1
Chelsea,the Royal Exchange,1
Piccadilly,the Aerated Bread Company,1
Monsieur Delma's,the Aerated Bread Company,1
Imperial,the Aerated Bread Company,1
the Aerated Bread Company,the Daily Graphic,2
the Aerated Bread Company,the Daily Mirror!,1
Graphic,the Aerated Bread Company,1
Illustrated,the Aerated Bread Company,1
a Morning Post,the Aerated Bread Company,1
the Aerated Bread Company,this Daily Mirror,1
the Aerated Bread Company,the Daily Mirror,2
Boulogne Cathedral,the Aerated Bread Company,2
Parson,the Aerated Bread Company,1
Professor,the Aerated Bread Company,1
the Aerated Bread Company,the Collect for the week,1
Platonic,the Aerated Bread Company,1
the Aerated Bread Company,the Professor's,1
Daily Mirror,the Aerated Bread Company,1
the Aerated Bread Company,the Boy her Boy,1
Chelsea,the Aerated Bread Company,1
Monsieur Delma's,Piccadilly,1
Imperial,Piccadilly,1
Piccadilly,the Daily Graphic,2
Piccadilly,the Daily Mirror!,1
Graphic,Piccadilly,1
Illustrated,Piccadilly,1
Piccadilly,a Morning Post,1
Piccadilly,this Daily Mirror,1
Piccadilly,the Daily Mirror,2
Boulogne Cathedral,Piccadilly,2
Parson,Piccadilly,1
Piccadilly,Professor,1
Piccadilly,the Collect for the week,1
Piccadilly,Platonic,1
Piccadilly,the Professor's,1
Daily Mirror,Piccadilly,1
Piccadilly,the Boy her Boy,1
Chelsea,Piccadilly,1
Imperial,Monsieur Delma's,1
Monsieur Delma's,the Daily Graphic,2
Monsieur Delma's,the Daily Mirror!,1
Graphic,Monsieur Delma's,1
Illustrated,Monsieur Delma's,1
Monsieur Delma's,a Morning Post,1
Monsieur Delma's,this Daily Mirror,1
Monsieur Delma's,the Daily Mirror,2
Boulogne Cathedral,Monsieur Delma's,2
Monsieur Delma's,Parson,1
Monsieur Delma's,Professor,1
Monsieur Delma's,the Collect for the week,1
Monsieur Delma's,Platonic,1
Monsieur Delma's,the Professor's,1
Daily Mirror,Monsieur Delma's,1
Monsieur Delma's,the Boy her Boy,1
Chelsea,Monsieur Delma's,1
Imperial,the Daily Graphic,2
Imperial,the Daily Mirror!,1
Graphic,Imperial,1
Illustrated,Imperial,1
Imperial,a Morning Post,1
Imperial,this Daily Mirror,1
Imperial,the Daily Mirror,2
Boulogne Cathedral,Imperial,2
Imperial,Parson,1
Imperial,Professor,1
Imperial,the Collect for the week,1
Imperial,Platonic,1
Imperial,the Professor's,1
Daily Mirror,Imperial,1
Imperial,the Boy her Boy,1
Chelsea,Imperial,1
the Daily Graphic,the Daily Mirror!,2
Graphic,the Daily Graphic,2
Illustrated,the Daily Graphic,2
a Morning Post,the Daily Graphic,2
the Daily Graphic,this Daily Mirror,2
the Daily Graphic,the Daily Mirror,4
Boulogne Cathedral,the Daily Graphic,4
Parson,the Daily Graphic,2
Professor,the Daily Graphic,2
the Collect for the week,the Daily Graphic,2
Platonic,the Daily Graphic,2
the Daily Graphic,the Daily Graphic,1
the Daily Graphic,the Professor's,2
Daily Mirror,the Daily Graphic,2
the Boy her Boy,the Daily Graphic,2
Chelsea,the Daily Graphic,2
Graphic,the Daily Mirror!,1
Illustrated,the Daily Mirror!,1
a Morning Post,the Daily Mirror!,1
the Daily Mirror!,this Daily Mirror,1
the Daily Mirror,the Daily Mirror!,2
Boulogne Cathedral,the Daily Mirror!,2
Parson,the Daily Mirror!,1
Professor,the Daily Mirror!,1
the Collect for the week,the Daily Mirror!,1
Platonic,the Daily Mirror!,1
the Daily Mirror!,the Professor's,1
Daily Mirror,the Daily Mirror!,1
the Boy her Boy,the Daily Mirror!,1
Chelsea,the Daily Mirror!,1
Graphic,Illustrated,1
Graphic,a Morning Post,1
Graphic,this Daily Mirror,1
Graphic,the Daily Mirror,2
Boulogne Cathedral,Graphic,2
Graphic,Parson,1
Graphic,Professor,1
Graphic,the Collect for the week,1
Graphic,Platonic,1
Graphic,the Professor's,1
Daily Mirror,Graphic,1
Graphic,the Boy her Boy,1
Chelsea,Graphic,1
Illustrated,a Morning Post,1
Illustrated,this Daily Mirror,1
Illustrated,the Daily Mirror,2
Boulogne Cathedral,Illustrated,2
Illustrated,Parson,1
Illustrated,Professor,1
Illustrated,the Collect for the week,1
Illustrated,Platonic,1
Illustrated,the Professor's,1
Daily Mirror,Illustrated,1
Illustrated,the Boy her Boy,1
Chelsea,Illustrated,1
a Morning Post,this Daily Mirror,1
a Morning Post,the Daily Mirror,2
Boulogne Cathedral,a Morning Post,2
Parson,a Morning Post,1
Professor,a Morning Post,1
a Morning Post,the Collect for the week,1
Platonic,a Morning Post,1
a Morning Post,the Professor's,1
Daily Mirror,a Morning Post,1
a Morning Post,the Boy her Boy,1
Chelsea,a Morning Post,1
the Daily Mirror,this Daily Mirror,2
Boulogne Cathedral,this Daily Mirror,2
Parson,this Daily Mirror,1
Professor,this Daily Mirror,1
the Collect for the week,this Daily Mirror,1
Platonic,this Daily Mirror,1
the Professor's,this Daily Mirror,1
Daily Mirror,this Daily Mirror,1
the Boy her Boy,this Daily Mirror,1
Chelsea,this Daily Mirror,1
Boulogne Cathedral,the Daily Mirror,4
Parson,the Daily Mirror,2
Professor,the Daily Mirror,2
the Collect for the week,the Daily Mirror,2
Platonic,the Daily Mirror,2
the Daily Mirror,the Professor's,2
Daily Mirror,the Daily Mirror,2
the Boy her Boy,the Daily Mirror,2
Chelsea,the Daily Mirror,2
the Daily Mirror,the Daily Mirror,1
Boulogne Cathedral,Parson,2
Boulogne Cathedral,Professor,2
Boulogne Cathedral,the Collect for the week,2
Boulogne Cathedral,Platonic,2
Boulogne Cathedral,the Professor's,2
Boulogne Cathedral,Daily Mirror,2
Boulogne Cathedral,Boulogne Cathedral,1
Boulogne Cathedral,the Boy her Boy,2
Boulogne Cathedral,Chelsea,2
Parson,Professor,1
Parson,the Collect for the week,1
Parson,Platonic,1
Parson,the Professor's,1
Daily Mirror,Parson,1
Parson,the Boy her Boy,1
Chelsea,Parson,1
Professor,the Collect for the week,1
Platonic,Professor,1
Professor,the Professor's,1
Daily Mirror,Professor,1
Professor,the Boy her Boy,1
Chelsea,Professor,1
Platonic,the Collect for the week,1
the Collect for the week,the Professor's,1
Daily Mirror,the Collect for the week,1
the Boy her Boy,the Collect for the week,1
Chelsea,the Collect for the week,1
Platonic,the Professor's,1
Daily Mirror,Platonic,1
Platonic,the Boy her Boy,1
Chelsea,Platonic,1
Daily Mirror,the Professor's,1
the Boy her Boy,the Professor's,1
Chelsea,the Professor's,1
Daily Mirror,the Boy her Boy,1
Chelsea,Daily Mirror,1
Chelsea,the Boy her Boy,1
